,City,Cloudiness,Country,Date,Humidity,Lat,Lng,Max Temp,Wind Speed
0,Barrow,44,AR,1551039341,40,-38.31,-60.23,64.96,16.24
1,Kapaa,40,US,1551037980,61,22.08,-159.32,77.0,14.99
2,Bayan,0,MN,1551039595,44,47.25,107.54,-4.25,2.93
3,Aklavik,40,CA,1551038400,71,68.22,-135.01,17.6,4.7
4,Puerto Ayora,40,EC,1551034800,62,-0.74,-90.35,87.8,10.29
5,Rikitea,44,PF,1551039415,100,-23.12,-134.97,79.54,12.21
6,Oropesa,75,PE,1551036600,42,-13.59,-71.76,68.0,13.87
7,Port Alfred,20,ZA,1551039596,93,-33.59,26.89,69.01,8.63
8,Ponta do Sol,44,BR,1551039597,53,-20.63,-46.0,85.21,2.93
9,Longyearbyen,75,NO,1551037800,60,78.22,15.63,6.8,17.22
10,Fort-Shevchenko,88,KZ,1551039597,100,44.51,50.26,35.22,14.9
11,Huarmey,56,PE,1551039598,69,-10.07,-78.15,76.89,3.38
12,Coihaique,75,CL,1551034800,53,-45.58,-72.07,51.8,4.7
13,Ushuaia,40,AR,1551034800,81,-54.81,-68.31,44.6,11.41
14,New Norfolk,0,AU,1551036600,51,-42.78,147.06,59.0,12.75
15,Oxford,1,US,1551038160,31,33.61,-85.83,62.6,11.41
16,Yellowknife,5,CA,1551038400,69,62.45,-114.38,-11.21,4.7
17,Castro,75,CL,1551034800,62,-42.48,-73.76,57.2,12.75
18,Bluff,0,AU,1551039383,57,-23.58,149.07,72.52,10.98
19,Chokurdakh,0,RU,1551039601,0,70.62,147.9,-42.01,3.38
20,Itaguacu,0,BR,1551039601,47,-19.8,-40.86,87.87,2.37
21,Lamu,24,ID,1551039602,100,0.57,122.3,70.77,3.15
22,Upernavik,56,GL,1551039602,100,72.79,-56.15,0.75,16.24
23,Cidreira,92,BR,1551039603,100,-30.17,-50.22,72.79,4.72
24,Jamestown,36,AU,1551039411,57,-33.21,138.6,61.72,5.84
25,Cockburn Town,24,TC,1551039603,96,21.46,-71.14,78.28,17.92
26,Aberystwyth,24,GB,1551039306,83,52.41,-4.08,45.79,6.17
27,Hilo,90,US,1551037980,78,19.71,-155.08,71.6,5.82
28,Floresta,36,BR,1551039604,80,-8.6,-38.57,78.55,5.17
29,Saint-Pierre,0,FR,1551038400,39,48.95,4.24,46.4,5.82
30,Tete,20,MZ,1551038400,88,-16.16,33.59,73.4,3.38
31,Hermanus,0,ZA,1551039606,93,-34.42,19.24,59.56,2.71
32,Touros,20,BR,1551038400,74,-5.2,-35.46,84.2,4.7
33,Maceio,20,BR,1551038400,70,-9.67,-35.74,84.2,14.99
34,Bredasdorp,0,ZA,1551038400,77,-34.53,20.04,68.0,2.93
35,San Cristobal,90,EC,1551038400,76,-0.39,-78.55,60.8,8.05
36,Rawson,0,AR,1551039608,30,-43.3,-65.11,59.11,20.94
37,Coria,0,ES,1551039608,85,39.98,-6.54,42.42,2.37
38,Srednekolymsk,64,RU,1551039609,37,67.46,153.71,-25.22,4.16
39,Ancud,75,CL,1551034800,62,-41.87,-73.83,57.2,12.75
40,Nadym,88,RU,1551039609,78,65.53,72.51,3.94,9.75
41,Ville-Marie,90,CA,1551038700,100,47.33,-79.44,33.8,11.41
42,Estancia,1,US,1551038100,20,34.76,-106.06,46.4,4.7
43,Umba,88,RU,1551039611,93,66.69,34.34,34.0,15.57
44,Punta Arenas,75,CL,1551034800,57,-53.16,-70.91,51.8,27.51
45,Gonen,0,IL,1551034200,87,33.12,35.65,55.4,2.24
46,Coquimbo,20,CL,1551034800,72,-29.95,-71.34,68.0,16.11
47,Mehamn,44,NO,1551039612,85,71.03,27.85,33.15,11.21
48,Carnarvon,0,ZA,1551039612,38,-30.97,22.13,62.94,6.73
49,Avarua,0,CK,1551036600,65,-21.21,-159.78,82.4,2.24
50,Arraial do Cabo,20,BR,1551038400,59,-22.97,-42.02,93.2,9.17
51,Pokhara,92,NP,1551039613,76,28.21,83.99,43.45,1.81
52,Murgab,75,TM,1551034800,61,37.5,61.97,48.2,6.93
53,Khatanga,68,RU,1551039340,67,71.98,102.47,-9.52,2.48
54,Cape Town,0,ZA,1551038400,88,-33.93,18.42,68.0,12.75
55,Olavarria,36,AR,1551039614,54,-36.89,-60.32,69.37,6.51
56,Sayyan,0,YE,1551039615,56,15.17,44.32,45.07,2.04
57,Dubti,0,ET,1551039615,58,11.74,41.09,71.85,2.37
58,Kyzyl-Suu,20,KG,1551039615,100,42.34,78.0,17.62,5.17
59,Vila do Maio,0,CV,1551038400,41,15.13,-23.22,77.0,14.99
60,Te Anau,0,NZ,1551039617,90,-45.41,167.72,42.87,2.93
61,Kholodnyy,12,RU,1551039617,0,62.72,147.95,-45.02,3.04
62,Uyuni,56,BO,1551039617,34,-20.46,-66.82,62.4,5.06
63,Pangnirtung,20,CA,1551038400,67,66.15,-65.72,-22.01,2.24
64,Skibbereen,75,IE,1551036600,100,51.55,-9.27,46.4,12.75
65,Hobart,0,AU,1551036600,51,-42.88,147.33,59.0,12.75
66,Shihezi,68,CN,1551039619,93,44.3,86.03,17.49,1.81
67,Atuona,0,PF,1551039619,100,-9.8,-139.03,80.85,12.88
68,Vaini,0,IN,1551039619,81,15.34,74.49,64.92,2.82
69,East London,76,ZA,1551039523,100,-33.02,27.91,73.33,16.91
70,Kingaroy,20,AU,1551039620,75,-26.54,151.84,67.03,13.78
71,Hamilton,32,BM,1551039402,94,32.3,-64.78,68.56,16.58
72,Belsand,0,IN,1551039621,56,26.44,85.4,61.63,2.82
73,Warangal,12,IN,1551039621,81,17.99,79.6,66.27,4.61
74,Lebu,0,ET,1551039621,86,8.96,38.73,48.67,3.15
75,Albany,90,US,1551037920,86,42.65,-73.75,42.8,6.93
76,Lorengau,20,PG,1551039596,100,-2.02,147.27,81.34,3.94
77,Mangan,88,IN,1551039622,88,27.5,88.54,23.97,1.92
78,Chuy,8,UY,1551039617,81,-33.69,-53.46,71.53,15.12
79,Morgan City,1,US,1551038100,29,29.7,-91.21,66.2,13.87
80,Panaba,92,MX,1551039623,46,21.28,-88.27,87.91,6.06
81,Faya,40,SA,1551034800,77,18.39,42.45,66.2,5.82
82,Ubinskoye,64,RU,1551039624,83,55.31,79.68,14.38,12.1
83,Hasaki,75,JP,1551036600,87,35.73,140.83,50.0,2.24
84,Belyy Yar,0,RU,1551036600,85,53.6,91.39,10.4,2.59
85,Salinas,1,US,1551037980,58,36.67,-121.66,57.2,4.7
86,Prado,0,BR,1551039625,95,-17.34,-39.22,83.37,15.35
87,Cayenne,92,GF,1551036600,65,4.94,-52.33,82.4,11.41
88,Richards Bay,56,ZA,1551039626,96,-28.77,32.06,73.15,2.93
89,Butaritari,44,KI,1551039626,100,3.07,172.79,83.5,17.81
90,Mackenzie,1,CA,1551038400,54,55.34,-123.09,3.2,11.41
91,Busselton,0,AU,1551039627,100,-33.64,115.35,67.03,22.62
92,Souillac,0,FR,1551036600,76,45.6,-0.6,51.8,5.82
93,Sandusky,90,US,1551036900,80,41.45,-82.71,35.6,34.45
94,Alofi,92,NU,1551034800,94,-19.06,-169.92,77.0,8.05
95,Raudeberg,75,NO,1551036000,100,61.99,5.14,44.6,11.41
96,Beringovskiy,12,RU,1551039628,85,63.05,179.32,26.26,21.72
97,Taoudenni,0,ML,1551039629,20,22.68,-3.98,61.0,11.1
98,Ereymentau,44,KZ,1551039629,85,51.62,73.1,14.52,10.2
99,Viedma,80,AR,1551039629,39,-40.81,-62.99,61.9,19.48
100,Saint George,90,GR,1551034200,64,39.45,22.34,35.6,4.7
101,Hithadhoo,88,MV,1551039630,100,-0.6,73.08,82.29,8.41
102,Padang,12,ID,1551039630,100,-0.92,100.36,82.74,1.7
103,Pevek,88,RU,1551039630,95,69.7,170.27,1.6,11.65
104,Oriximina,32,BR,1551039631,86,-1.77,-55.87,80.85,2.82
105,Baruun-Urt,0,MN,1551039631,64,46.68,113.28,6.46,8.97
106,Movila,75,RO,1551036600,63,44.77,25.57,30.2,3.36
107,Mataura,0,NZ,1551039632,78,-46.19,168.86,50.7,5.39
108,Mogadishu,8,SO,1551039407,99,2.04,45.34,80.17,20.04
109,Kavaratti,0,IN,1551039599,100,10.57,72.64,81.61,6.96
110,Kannur,8,IN,1551039633,100,11.88,75.37,68.7,2.59
111,Rundu,0,NA,1551039633,34,-17.91,19.77,76.62,9.75
112,Nikolskoye,90,RU,1551036600,93,59.7,30.79,35.6,11.18
113,Pisco,0,PE,1551034800,30,-13.71,-76.2,71.6,10.29
114,Saint Anthony,90,US,1551037980,80,43.97,-111.68,32.0,18.34
115,Adre,8,TD,1551039635,49,13.47,22.2,76.35,10.42
116,Cururupu,92,BR,1551039635,99,-1.82,-44.87,73.69,5.84
117,Beaver Dam,90,US,1551039300,73,43.46,-88.84,26.6,27.51
118,Berlevag,75,NO,1551034200,99,70.86,29.09,37.4,40.26
119,Bethel,90,US,1551037680,99,60.79,-161.76,33.8,17.22
120,Sao Joao da Barra,0,BR,1551034800,56,-21.64,-41.05,93.2,13.87
121,Karratha,32,AU,1551039637,71,-20.74,116.85,78.15,3.38
122,Marawi,20,PH,1551039637,96,8.0,124.29,57.31,1.92
123,Yerbogachen,56,RU,1551039638,82,61.28,108.01,8.89,6.17
124,Vestmannaeyjar,20,IS,1551039638,91,63.44,-20.27,44.4,15.23
125,Cherskiy,76,RU,1551039638,68,68.75,161.3,-10.01,12.66
126,Paamiut,56,GL,1551039638,100,61.99,-49.67,24.82,29.44
127,Ilulissat,44,GL,1551037800,51,69.22,-51.1,10.4,10.29
128,Georgetown,20,GY,1551034800,66,6.8,-58.16,86.0,11.41
129,Hays,1,US,1551038160,58,38.88,-99.33,28.4,9.17
130,Mar del Plata,44,AR,1551039343,52,-46.43,-67.52,53.49,17.81
131,Walvis Bay,24,NA,1551038400,82,-22.95,14.51,68.0,10.29
132,Luderitz,0,NA,1551039641,63,-26.65,15.16,68.29,16.58
133,Kahului,40,US,1551037500,64,20.89,-156.47,77.0,16.11
134,Tasiilaq,92,GL,1551037800,85,65.61,-37.64,32.0,40.26
135,Iqaluit,20,CA,1551038400,63,63.75,-68.52,-9.41,11.41
136,Umm Lajj,12,SA,1551039642,91,25.02,37.27,62.44,6.62
137,Beboto,92,TD,1551039643,54,8.27,16.94,85.21,2.15
138,Kieta,92,PG,1551039643,100,-6.22,155.63,77.92,1.81
139,Ngunguru,44,NZ,1551039643,100,-35.62,174.5,65.82,27.87
140,Vieques,40,PR,1551034560,61,18.43,-65.83,82.4,16.11
141,Batavia,90,US,1551038160,74,43.0,-78.19,42.8,38.03
142,Miri,64,NG,1551039644,90,10.31,9.75,70.63,2.71
143,Shibetsu,36,JP,1551039645,80,44.15,142.46,29.1,5.5
144,Grindavik,20,IS,1551038400,87,63.84,-22.43,46.4,17.22
145,Tevriz,76,RU,1551039645,84,57.51,72.4,16.81,7.63
146,Namatanai,44,PG,1551039646,99,-3.66,152.44,82.65,5.73
147,Ribeira Grande,90,PT,1551036600,81,38.52,-28.7,50.0,36.91
148,Egvekinot,0,RU,1551039646,80,66.32,-179.17,16.5,17.58
149,Fort Nelson,20,CA,1551038400,59,58.81,-122.69,3.2,2.24
150,Aksha,64,RU,1551039647,61,50.28,113.29,22.12,9.53
151,Norman Wells,75,CA,1551038400,64,65.28,-126.83,-2.21,8.05
152,Cabo San Lucas,75,MX,1551033660,56,22.89,-109.91,71.6,10.29
153,Esperance,40,TT,1551034800,55,10.24,-61.45,86.0,14.99
154,Curanilahue,0,CL,1551039649,46,-37.48,-73.35,67.89,9.53
155,Rottingdean,0,GB,1551036000,61,50.8,-0.06,48.2,3.36
156,Flinders,40,AU,1551034800,87,-34.58,150.85,59.0,4.7
157,Ixtapa,40,MX,1551034020,64,20.71,-105.21,75.2,12.75
158,Mahebourg,40,MU,1551038400,83,-20.41,57.7,80.6,8.05
159,Marsh Harbour,8,BS,1551039650,97,26.54,-77.06,77.11,10.31
160,Lompoc,1,US,1551039300,58,34.64,-120.46,60.8,10.29
161,Patan,75,NP,1551037800,54,27.67,85.33,55.4,1.92
162,Abu Dhabi,12,AE,1551034800,77,24.47,54.37,69.8,4.7
163,Havre-Saint-Pierre,20,CA,1551038400,56,50.23,-63.6,14.0,3.36
164,Qinzhou,92,CN,1551039652,98,21.96,108.62,52.59,7.74
165,Faanui,56,PF,1551039652,98,-16.48,-151.75,83.68,13.0
166,Ust-Maya,36,RU,1551039653,58,60.42,134.54,-20.9,2.71
167,Amot,20,NO,1551039653,70,59.57,7.99,26.8,2.82
168,Airai,24,TL,1551039653,89,-8.93,125.41,70.18,1.59
169,Thompson,20,CA,1551038400,51,55.74,-97.86,-13.01,13.87
170,Kodiak,1,US,1551037980,62,39.95,-94.76,23.0,16.11
171,Klaksvik,92,FO,1551037800,87,62.23,-6.59,44.6,16.11
172,Qaanaaq,8,GL,1551039655,80,77.48,-69.36,-19.1,6.06
173,Gizo,0,IL,1551037800,71,31.8,34.94,59.0,3.36
174,Dikson,68,RU,1551039656,100,73.51,80.55,-6.41,14.23
175,Hazorasp,0,UZ,1551039656,84,41.32,61.08,32.07,2.82
176,Saldanha,0,PT,1551039476,83,41.42,-6.55,40.21,3.71
177,Tessalit,0,ML,1551039657,19,20.2,1.01,59.97,10.54
178,Marsa Matruh,0,EG,1551034800,72,31.35,27.25,60.8,11.41
179,Tuatapere,0,NZ,1551039657,100,-46.13,167.69,50.07,3.94
180,Sergeyevka,68,KZ,1551039658,83,53.88,67.42,14.29,11.43
181,Whyalla,36,AU,1551034800,55,-33.04,137.58,66.2,4.7
182,Akdepe,0,TM,1551036600,74,42.05,59.39,46.4,9.17
183,Aguascalientes,20,MX,1551034320,37,21.88,-102.3,77.0,13.87
184,Yaan,20,NG,1551039659,92,7.38,8.57,74.82,8.08
185,Kensington,75,CA,1551038400,57,46.44,-63.64,19.4,8.05
186,Pendleton,1,US,1551037980,26,34.65,-82.78,69.8,21.92
187,Bambanglipuro,68,ID,1551039660,100,-7.95,110.28,72.16,2.93
188,Puerto Montt,40,CL,1551034800,51,-41.47,-72.94,59.0,14.99
189,Constitucion,0,MX,1551039661,20,23.99,-104.67,73.29,4.16
190,Clyde River,20,CA,1551038400,75,70.47,-68.59,-18.41,4.7
191,Nalut,80,LY,1551039662,90,31.86,10.98,43.81,16.13
192,Villa Corzo,20,MX,1551033960,24,16.19,-93.27,93.2,9.17
193,Inuvik,75,CA,1551038400,57,68.36,-133.71,17.6,6.93
194,Severo-Kurilsk,48,RU,1551039663,100,50.68,156.12,19.87,6.62
195,Tulun,0,RU,1551039664,66,54.56,100.58,13.17,3.27
196,San Rafael,0,AR,1551039553,16,-34.61,-68.33,78.1,5.28
197,Port Hedland,0,AU,1551036600,83,-20.31,118.58,80.6,5.84
198,Tarko-Sale,68,RU,1551039665,80,64.92,77.78,1.06,9.75
199,Lagoa,0,PT,1551036600,59,37.14,-8.45,62.6,8.05
200,Keti Bandar,0,PK,1551039666,95,24.14,67.45,72.88,15.68
201,Novikovo,0,UA,1551039666,100,45.05,34.56,12.9,3.04
202,Bonavista,0,CA,1551039667,98,48.65,-53.11,10.96,20.83
203,Mareeba,40,AU,1551036600,78,-16.99,145.42,77.0,12.75
204,Saint-Philippe,90,CA,1551039000,89,45.36,-73.48,39.2,9.17
205,Thinadhoo,44,MV,1551039668,100,0.53,72.93,82.2,8.19
206,Acari,92,BR,1551039632,70,-6.44,-36.64,79.14,6.4
207,Pareora,0,NZ,1551039669,100,-44.49,171.21,48.85,4.83
208,Boguchany,24,RU,1551039669,83,58.38,97.46,23.65,8.19
209,Adrar,0,DZ,1551038400,20,27.87,-0.29,62.6,14.99
210,Leningradskiy,76,RU,1551039510,100,69.38,178.42,3.45,2.93
211,Vermillion,75,US,1551039300,71,42.78,-96.93,10.4,21.92
212,Ketchikan,1,US,1551034380,37,55.34,-131.65,33.8,14.99
213,Ambilobe,92,MG,1551039671,100,-13.19,49.05,70.32,4.38
214,Garden City,90,US,1551039300,100,40.73,-73.63,46.4,8.05
215,High Level,20,CA,1551038400,69,58.52,-117.13,-7.61,6.93
216,Las Vegas,1,US,1551038160,31,36.17,-115.15,51.8,4.7
217,Vanimo,20,PG,1551039672,100,-2.67,141.3,81.25,4.16
218,Victoria,75,BN,1551036600,88,5.28,115.24,78.8,2.24
219,Port Lincoln,0,AU,1551039673,94,-34.72,135.86,64.15,3.94
220,Moerai,92,PF,1551039674,100,-22.43,-151.33,76.03,11.99
221,Dmytrivka,32,UA,1551036600,50,50.46,30.17,33.8,11.18
222,Mehriz,20,IR,1551034800,29,31.58,54.44,51.8,6.93
223,Itacare,20,BR,1551034800,74,-14.28,-39.0,86.0,17.22
224,Alta Floresta,32,BR,1551039675,87,-9.87,-56.08,81.07,1.59
225,Nizwa,0,OM,1551039676,76,22.93,57.53,56.5,2.59
226,Dunmore Town,0,BS,1551039676,100,25.5,-76.65,76.66,8.19
227,Vostok,76,RU,1551039676,70,46.45,135.83,18.25,5.06
228,Ozinki,56,RU,1551039676,84,51.2,49.73,9.3,5.17
229,Khandyga,68,RU,1551039677,37,62.65,135.58,-25.22,2.71
230,Bamako,0,ML,1551038400,9,12.65,-8.0,82.4,9.17
231,Camopi,92,GF,1551039678,92,3.17,-52.33,75.54,2.71
232,Mandalgovi,0,MN,1551039678,67,45.76,106.27,1.96,2.93
233,Karangasem,32,ID,1551039678,100,-6.7,108.49,79.99,1.92
234,Townsville,75,AU,1551036600,83,-19.26,146.82,75.2,5.82
235,Sestri Levante,0,IT,1551036000,31,44.27,9.41,50.0,14.99
236,Santa Cruz,1,US,1551037980,62,36.97,-122.03,57.2,3.38
237,Hampton,8,AU,1551034800,68,-27.36,152.07,64.4,13.87
238,Palora,75,EC,1551034800,78,-1.7,-77.97,75.2,4.7
239,Grand Gaube,40,MU,1551038400,83,-20.01,57.66,80.6,8.05
240,Kenai,20,US,1551035820,92,60.55,-151.26,6.8,5.82
241,Voi,92,KE,1551039683,95,-3.4,38.57,69.19,1.7
242,Valparaiso,90,US,1551039300,68,41.47,-87.06,32.0,35.57
243,Camacha,0,PT,1551036600,77,33.08,-16.33,68.0,4.7
244,Albert Lea,90,US,1551039300,92,43.65,-93.37,15.8,24.16
245,Plan-de-Cuques,0,FR,1551036600,81,43.35,5.46,51.8,2.24
246,Matadi,12,CD,1551039684,82,-5.83,13.46,79.45,7.96
247,Rio Grande,90,BR,1551034800,88,-32.03,-52.1,75.2,5.82
248,Pelym,80,RU,1551039685,78,61.01,62.0,19.65,5.84
249,Mount Isa,32,AU,1551036600,65,-20.73,139.49,77.0,5.82
250,Tomatlan,36,MX,1551039686,56,19.93,-105.25,84.31,3.71
251,Bud,75,NO,1551037800,81,62.91,6.91,44.6,14.99
252,Kruisfontein,0,ZA,1551039686,88,-34.0,24.73,61.72,3.27
253,Songkhla,20,TH,1551036600,94,7.2,100.6,73.4,8.75
254,Bandarbeyla,92,SO,1551039687,100,9.49,50.81,77.97,16.35
255,Surok,76,PH,1551039687,100,11.63,125.42,70.95,6.17
256,Kyshtovka,68,RU,1551039687,83,56.56,76.62,14.2,13.0
257,Jacareacanga,20,BR,1551039688,88,-6.22,-57.76,79.81,2.15
258,Caravelas,0,BR,1551039688,99,-17.73,-39.27,84.22,15.68
259,Saskylakh,44,RU,1551039689,75,71.97,114.09,-3.76,8.63
260,Inirida,0,CO,1551039689,48,3.87,-67.92,91.6,2.59
261,Semnan,75,IR,1551034800,39,35.58,53.39,50.0,4.7
262,Oussouye,0,SN,1551038400,45,12.49,-16.54,82.4,4.7
263,Dirba,80,NG,1551039690,59,10.1,13.23,78.19,2.59
264,Bathsheba,0,BB,1551039691,96,13.22,-59.52,79.05,20.6
265,Kaitangata,12,NZ,1551039691,88,-46.28,169.85,48.72,8.63
266,Mildura,20,AU,1551034800,28,-34.18,142.16,71.6,8.05
267,Talnakh,76,RU,1551039530,65,69.49,88.39,2.14,8.97
268,Arkhangelskoye,88,RU,1551039692,96,54.46,37.62,30.04,12.44
269,Kirgiz-Miyaki,76,RU,1551039692,91,53.63,54.8,10.29,8.08
270,Soe,0,EE,1551034200,100,57.91,26.05,35.6,13.87
271,San Quintin,0,PH,1551039694,76,17.54,120.52,57.67,2.59
272,Tarakan,88,ID,1551039694,100,3.3,117.63,78.24,4.72
273,Madras,75,US,1551039300,93,44.63,-121.13,35.6,3.36
274,Monterey,1,US,1551037980,58,36.6,-121.89,57.2,4.7
275,Port Elizabeth,90,US,1551038100,87,39.31,-74.98,51.8,14.99
276,Kimbe,0,PG,1551039695,100,-5.56,150.15,79.09,5.84
277,Kulim,75,MY,1551036600,78,5.37,100.55,82.4,3.36
278,Arcachon,0,FR,1551038400,87,44.65,-1.18,50.0,3.49
279,Naze,40,NG,1551034800,79,5.43,7.07,86.0,9.17
280,Sao Filipe,0,CV,1551039697,78,14.9,-24.5,76.12,13.44
281,Woodward,1,US,1551038100,18,36.43,-99.39,53.6,5.17
282,Broome,0,GB,1551036000,81,52.47,1.45,46.4,2.24
283,Novopskov,56,UA,1551039698,83,49.54,39.1,17.35,8.3
284,Matagami,24,NG,1551039698,79,9.67,8.4,73.6,2.48
285,Pasni,0,PK,1551039699,94,25.26,63.48,70.18,12.21
286,Praya,76,ID,1551036600,100,-8.71,116.27,73.4,3.36
287,Luino,0,IT,1551037800,75,46.0,8.74,39.2,1.12
288,Freeport,75,BS,1551034800,78,26.54,-78.7,82.4,12.75
289,Prabumulih,64,ID,1551039700,97,-3.5,104.19,72.12,2.71
290,Altay,0,CN,1551039700,53,47.83,88.13,-9.02,2.26
291,Buta,24,CD,1551039402,74,2.79,24.73,76.93,3.27
292,Isangel,24,VU,1551039701,100,-19.55,169.27,80.67,15.46
293,Kushima,92,JP,1551039701,100,31.5,131.29,51.01,7.74
294,San Patricio,56,PY,1551039702,100,-26.98,-56.83,74.37,6.17
295,Estevan,1,CA,1551038400,76,49.14,-102.99,-7.61,20.8
296,Oyama,75,JP,1551034800,87,36.31,139.8,42.8,5.82
297,Ikongo,100,MG,1551039703,96,-21.88,47.44,68.02,1.92
298,Saint-Augustin,0,FR,1551038400,81,44.83,-0.61,50.0,4.7
299,Xunchang,92,CN,1551039703,97,28.45,104.71,45.16,2.26
300,Quatre Cocos,40,MU,1551038400,83,-20.21,57.76,80.6,8.05
301,Sorong,48,ID,1551039704,100,-0.86,131.25,81.84,6.73
302,Provideniya,0,RU,1551039704,82,64.42,-173.23,27.43,26.75
303,Bonaventure,75,CA,1551038400,57,48.04,-65.49,21.2,11.41
304,Dori,48,BF,1551039705,22,14.03,-0.03,69.69,7.85
305,Tuktoyaktuk,90,CA,1551038400,78,69.44,-133.03,12.2,13.87
306,Whitehorse,40,CA,1551038400,77,60.72,-135.06,-2.21,4.7
307,Bosaso,92,SO,1551039511,100,11.28,49.18,76.3,7.63
308,Petropavl,76,KZ,1551039679,85,54.87,69.13,13.75,11.77
309,Ilia,24,RO,1551039707,80,45.93,22.65,18.25,2.37
310,Fairbanks,1,US,1551034680,83,64.84,-147.72,-0.41,3.15
311,Killarney,88,AU,1551039708,90,-28.34,152.3,63.88,7.18
312,Soc Trang,0,VN,1551036600,88,9.6,105.98,75.2,4.7
313,Mandapam,0,IN,1551039709,100,9.28,79.12,80.04,14.23
314,Vila Velha,20,BR,1551038400,62,-3.71,-38.6,84.2,5.82
315,Sisimiut,64,GL,1551039709,76,66.94,-53.67,-1.46,1.59
316,Husavik,36,CA,1551039532,79,50.56,-96.99,-1.46,21.72
317,Tiksi,68,RU,1551039710,59,71.64,128.87,-7.13,17.81
318,Ati,12,TD,1551039710,21,13.21,18.34,82.2,10.98
319,Two Hills,0,CA,1551039687,90,53.71,-111.75,-5.02,4.5
320,Vanavara,88,RU,1551039711,87,60.35,102.28,22.39,7.63
321,Waipawa,92,NZ,1551039711,88,-39.94,176.59,54.39,15.12
322,Ottweiler,0,DE,1551037800,33,49.4,7.16,44.6,10.29
323,Ha Tinh,92,VN,1551039712,100,18.33,105.9,68.56,9.86
324,Palana,44,RU,1551039712,60,59.08,159.95,-8.03,2.37
325,Saquena,0,PE,1551039712,68,-4.67,-73.52,87.64,6.06
326,Havelock,90,US,1551037320,93,34.88,-76.9,73.4,25.28
327,Quelimane,20,MZ,1551038400,78,-17.88,36.89,80.6,7.4
328,Tokur,36,RU,1551039714,50,53.13,132.9,-5.47,2.26
329,Byron Bay,75,AU,1551036600,82,-28.65,153.62,71.6,9.17
330,Araouane,0,ML,1551039714,23,18.9,-3.53,62.71,10.65
331,Isla Vista,1,US,1551039300,41,34.41,-119.86,60.8,3.36
332,Tinde,40,TZ,1551038400,94,-3.87,33.2,68.0,2.71
333,Port Hardy,20,CA,1551038400,64,50.7,-127.42,39.2,5.82
334,Ouesso,64,CG,1551039716,91,1.61,16.05,75.0,0.47
335,Vardo,20,US,1551039300,71,39.62,-77.74,51.8,3.36
336,Las Matas de Farfan,0,DO,1551039716,42,18.87,-71.52,83.37,5.39
337,Gisborne,92,NZ,1551039565,83,-38.66,178.02,61.0,22.28
338,Merauke,80,ID,1551039717,96,-8.49,140.4,79.09,7.29
339,Goksun,0,TR,1551037800,81,38.02,36.5,44.6,6.93
340,Ajdabiya,24,LY,1551039718,92,30.75,20.22,42.6,6.4
341,Pinega,92,RU,1551039718,94,64.7,43.39,32.52,7.4
342,Mazatlan,75,MX,1551033780,42,23.22,-106.42,80.6,5.82
343,Kampot,20,KH,1551036600,94,10.62,104.18,73.4,2.24
344,Dingle,0,PH,1551039719,89,11.0,122.67,70.14,9.75
345,Santa Catalina,0,PH,1551039720,84,9.33,122.86,68.25,5.73
346,Pishva,40,IR,1551036600,77,35.31,51.73,48.2,11.41
347,Niagara Falls,90,CA,1551038400,77,43.1,-79.12,35.6,39.15
348,College,1,US,1551034680,83,64.86,-147.8,19.4,3.15
349,Hualmay,64,PE,1551039623,73,-11.1,-77.61,76.35,3.94
350,Simpang,75,MY,1551034800,78,4.82,100.71,78.8,3.36
351,Torbay,20,CA,1551038400,44,47.66,-52.73,17.6,12.75
352,Peniche,0,PT,1551036600,52,39.36,-9.38,64.4,2.24
353,Bath,0,GB,1551036000,75,51.38,-2.36,50.0,6.93
354,Saint-Joseph,0,FR,1551038400,70,43.56,6.97,50.0,4.7
355,Gushikawa,75,JP,1551037380,87,26.35,127.87,64.4,10.42
356,Abakaliki,20,NG,1551038400,66,6.32,8.11,86.0,2.24
357,Tabuk,68,PH,1551039731,92,17.41,121.44,59.83,1.36
358,Broken Hill,56,AU,1551034800,33,-31.97,141.45,71.6,8.05
359,Bani Walid,0,LY,1551039732,85,31.76,14.0,39.58,7.29
360,Marfino,90,RU,1551036600,96,56.07,37.56,33.8,17.9
361,Visby,12,SE,1551037800,93,57.64,18.3,39.2,10.29
362,Edson,75,CA,1551038760,70,53.59,-116.44,1.4,6.93
363,Eirunepe,48,BR,1551039734,78,-6.66,-69.87,82.65,2.82
364,Nouadhibou,0,MR,1551038400,56,20.93,-17.03,69.8,12.75
365,Ekimchan,32,RU,1551039734,67,53.07,132.94,-7.27,2.15
366,Namibe,88,AO,1551039735,100,-15.19,12.15,75.76,6.62
367,Ayame,8,CI,1551039735,85,5.61,-3.16,81.3,8.97
368,Olinda,80,EC,1551039736,84,-2.03,-79.75,81.16,5.73
369,Jaguaribe,64,BR,1551039736,88,-5.88,-38.62,76.8,4.05
370,Yulara,0,AU,1551034800,17,-25.24,130.99,77.0,6.93
371,Osoyoos,40,CA,1551038400,55,49.03,-119.47,33.8,13.87
372,Arawa,8,NG,1551039737,76,7.05,3.9,81.16,3.71
373,Esna,8,RO,1551039737,76,45.2,27.57,21.22,3.15
374,Bontang,56,ID,1551039738,100,0.12,117.47,78.69,7.74
375,Campo Grande,75,BR,1551034800,49,-20.46,-54.62,91.4,14.99
376,Guiratinga,44,BR,1551039667,72,-16.35,-53.76,85.12,5.73
377,Zavetnoye,44,RU,1551039739,80,47.12,43.89,14.02,5.73
378,Cap-aux-Meules,20,CA,1551038400,57,47.38,-61.86,17.6,2.24
379,Filadelfia,8,PY,1551039739,30,-22.35,-60.04,101.82,21.72
380,Ferme-Neuve,92,CA,1551039593,93,46.7,-75.45,37.65,12.66
381,Wilmington,90,US,1551038040,93,39.75,-75.55,48.2,13.87
382,Codrington,75,AU,1551034800,88,-28.95,153.24,71.6,5.82
383,Fortuna,0,ES,1551038400,87,38.18,-1.13,57.2,5.82
384,Inongo,32,CD,1551039741,93,-1.93,18.29,76.84,2.59
385,Hobyo,36,SO,1551039742,84,5.35,48.53,77.79,14.34
386,Aadorf,0,CH,1551037800,45,47.49,8.9,42.8,3.36
387,Mantua,0,IT,1551038100,59,45.16,10.79,41.0,3.36
388,Kappeln,0,DE,1551037800,86,54.66,9.93,41.0,4.7
389,Gat,0,SN,1551038400,33,14.69,-16.54,75.2,18.34
390,Portland,90,US,1551039300,86,45.52,-122.67,41.0,4.7
391,Kushiro,0,JP,1551039744,81,43.11,144.15,28.29,6.51
392,Pogar,80,RU,1551039744,91,52.55,33.26,29.32,10.65
393,Natchez,1,US,1551038160,57,31.56,-91.4,59.0,16.11
394,Loandjili,40,CG,1551034800,83,-4.77,11.87,84.2,5.82
395,Sfantu Gheorghe,75,RO,1551036600,63,44.65,26.83,30.2,3.36
396,Prince Rupert,1,CA,1551038400,43,54.32,-130.32,33.8,5.82
397,San Jose,12,PH,1551039568,95,15.79,120.99,63.52,2.82
398,Cap Malheureux,40,MU,1551038400,83,-19.98,57.61,80.6,8.05
399,Okhotsk,0,RU,1551039747,100,59.36,143.24,-16.09,4.61
400,Genhe,56,CN,1551039748,75,50.78,121.52,5.25,5.73
401,Kassala,24,SD,1551039748,38,15.45,36.38,78.28,10.31
402,Chara,90,GR,1551037800,55,39.42,22.43,35.6,2.93
403,Orsha,68,BY,1551039749,93,54.51,30.43,32.92,15.01
404,Baiyin,90,CN,1551034800,73,36.55,104.13,26.6,4.47
405,Beloha,0,MG,1551039750,90,-25.17,45.06,73.6,4.94
406,Goya,100,AR,1551039750,86,-29.14,-59.27,76.21,8.97
407,Feltre,75,IT,1551038100,75,46.02,11.91,42.8,0.58
408,Kavieng,56,PG,1551039751,100,-2.57,150.8,79.59,5.61
409,Vao,0,EE,1551039751,81,59.1,26.19,35.26,14.23
410,Sawakin,0,SD,1551038400,56,19.1,37.33,73.4,5.82
411,Antalaha,64,MG,1551039752,96,-14.9,50.28,77.29,3.04
412,Along,88,IN,1551039752,97,28.17,94.8,51.87,1.25
413,Damietta,0,EG,1551034800,77,31.42,31.81,60.8,11.41
414,Presidente Medici,44,BR,1551039753,79,-11.18,-61.9,82.29,3.71
415,Laguna,20,MX,1551034080,35,27.52,-110.01,69.8,6.93
416,Manitouwadge,90,CA,1551039000,92,49.12,-85.84,23.0,17.22
417,Savannah Bight,20,HN,1551034800,62,16.45,-85.85,86.0,3.36
418,Atar,0,MR,1551039754,13,20.52,-13.05,68.52,8.19
419,Kirakira,0,SB,1551039754,100,-10.46,161.92,82.24,7.74
420,Ginda,68,IN,1551039755,100,30.69,78.49,32.34,1.59
421,Polunochnoye,76,RU,1551039755,78,60.87,60.43,18.34,8.63
422,Bambous Virieux,40,MU,1551038400,83,-20.34,57.76,80.6,8.05
423,Kutum,80,SD,1551039756,33,14.2,24.66,74.86,7.63
424,Linxia,80,CN,1551039756,91,35.6,103.21,23.52,3.15
425,Xapuri,75,BR,1551034800,74,-10.65,-68.5,84.2,11.41
426,Yumen,0,CN,1551039757,58,40.29,97.04,9.43,3.83
427,Mufumbwe,0,ZM,1551039757,74,-13.68,24.8,68.74,8.75
428,Katherine,0,AU,1551037620,88,-14.47,132.26,75.2,5.82
429,Lawton,1,US,1551039300,20,34.61,-98.39,57.2,4.7
430,Balkanabat,0,TM,1551039758,78,39.51,54.36,30.0,0.58
431,Usak,92,TR,1551039698,100,38.67,29.41,39.72,2.82
432,Baghdad,0,IQ,1551034800,58,33.3,44.38,57.2,4.7
433,Yokote,92,JP,1551039759,95,39.28,140.54,39.72,3.38
434,Moses Lake,90,US,1551034380,89,47.13,-119.28,32.0,19.46
435,Sibiti,24,CG,1551039759,80,-3.69,13.35,76.44,4.38
436,Dunedin,0,NZ,1551039471,86,-45.87,170.5,47.23,6.96
437,Qorveh,20,IR,1551039760,79,35.17,47.8,24.15,1.81
438,Kiunga,24,PG,1551039760,94,-6.12,141.3,71.89,1.92
439,Santa Maria del Oro,0,MX,1551039761,19,25.95,-105.37,67.03,3.71
440,Mago,0,RU,1551039761,58,53.27,140.15,-12.53,2.93
441,Yining,80,CN,1551039761,88,29.04,114.56,40.35,1.14
442,Chongwe,0,ZM,1551038400,77,-15.33,28.68,69.8,2.24
443,Morehead,75,US,1551038100,52,38.18,-83.43,46.4,17.22
444,Kapit,92,MY,1551039762,98,2.02,112.94,72.57,1.36
445,Hereford,0,GB,1551039763,85,52.06,-2.72,38.5,4.05
446,Sechura,36,PE,1551039763,95,-5.56,-80.82,79.0,8.52
447,Hanzhong,0,CN,1551039764,94,33.08,107.03,32.2,1.14
448,Rio Gallegos,40,AR,1551034800,57,-51.62,-69.22,50.0,17.22
449,Rosario,0,UY,1551039765,80,-34.31,-57.35,69.91,9.19
450,Sitka,24,US,1551039765,72,37.17,-99.65,47.41,4.72
451,Malinyi,20,TZ,1551039766,93,-8.94,36.14,71.49,2.15
452,Guadalajara,0,ES,1551038400,57,40.63,-3.16,55.4,6.93
453,Kabwe,0,ZM,1551039766,69,-14.44,28.44,64.51,2.71
454,Puerto El Triunfo,20,SV,1551037800,62,13.27,-88.55,89.6,10.29
455,Aykhal,0,RU,1551039767,24,65.95,111.51,-18.07,5.39
456,Coalville,0,GB,1551037800,93,52.73,-1.37,46.4,3.36
457,Fauske,92,NO,1551039768,94,67.26,15.4,32.47,16.02
458,Wasilla,1,US,1551037980,66,61.58,-149.44,15.8,3.36
459,Cambados,0,ES,1551038400,51,42.51,-8.81,60.8,2.24
460,Kysyl-Syr,44,RU,1551039769,62,63.9,122.77,-13.97,2.26
461,Komsomolskiy,80,RU,1551039769,83,67.55,63.78,13.57,5.39
462,Odienne,0,CI,1551039770,43,9.51,-7.57,73.02,3.38
463,Bulgan,0,MN,1551039770,50,48.81,103.53,-1.69,2.71
464,Heishan,0,CN,1551039771,40,41.69,122.12,24.42,7.85
465,Inhambane,40,MZ,1551034800,88,-23.87,35.38,77.0,8.3
466,Banjar,32,ID,1551039771,95,-7.37,108.54,69.55,2.15
467,Seoul,90,KR,1551037800,80,37.57,126.98,37.4,1.12
468,Matay,0,EG,1551039772,69,28.42,30.79,50.38,9.53
469,Cabadiangan,90,PH,1551034800,83,10.45,123.98,75.2,2.24
470,Bonito,0,BR,1551039773,40,-21.13,-56.49,94.12,13.67
471,Geraldton,90,CA,1551038400,85,49.72,-86.95,21.2,14.99
472,Mazagao,90,BR,1551038400,100,-0.12,-51.29,78.8,13.87
473,Karabanovo,80,RU,1551039774,95,56.31,38.7,32.2,11.77
474,Solnechnyy,48,RU,1551039774,65,50.72,136.64,5.52,4.61
475,Panjab,0,AF,1551039774,55,34.38,67.02,-8.3,1.92
476,The Valley,20,AI,1551034800,48,18.22,-63.06,82.4,17.22
477,Sovetskaya Gavan,80,RU,1551039775,82,48.97,140.29,14.38,11.21
478,Sayat,0,TM,1551034800,77,38.78,63.88,44.6,6.93
479,Sadovoye,44,RU,1551039776,75,47.78,44.52,9.84,7.63
480,Barcelos,0,PT,1551036600,71,41.53,-8.62,57.2,4.7
481,Constantine,75,DZ,1551038400,80,36.36,6.61,39.2,11.41
482,Gorontalo,8,ID,1551039777,94,0.54,123.06,71.04,2.15
483,Moroto,8,UG,1551039777,86,2.53,34.66,60.01,2.37
484,Rome,0,IT,1551038100,28,41.89,12.48,46.4,4.7
485,Zhigansk,44,RU,1551039778,72,66.77,123.37,-16.58,3.6
486,La Mesa,1,US,1551039300,43,32.77,-117.02,62.6,8.05
487,Salalah,20,OM,1551034200,78,17.01,54.1,77.0,5.82
488,Keuruu,0,FI,1551037800,74,62.26,24.71,37.4,23.04
489,Kautokeino,56,NO,1551039780,87,69.01,23.04,28.78,5.73
490,Mandi,44,IN,1551039780,92,31.71,76.93,35.89,3.27
491,Brufut,0,GM,1551038400,47,13.38,-16.75,77.0,10.29
492,Eyl,80,SO,1551039781,100,7.98,49.82,75.27,14.67
493,Hambantota,12,LK,1551039782,100,6.12,81.12,78.91,11.32
494,Mackay,75,CA,1551038760,70,53.65,-115.58,1.4,6.93
495,Auburn,1,US,1551039300,36,32.61,-85.48,69.8,12.75
496,Ayolas,76,PY,1551039541,99,-27.39,-56.84,75.58,9.64
497,Dukhovshchina,88,RU,1551039783,95,55.19,32.41,33.46,16.24
498,Boende,64,CD,1551039784,78,-0.28,20.88,77.7,0.92
499,Grants,1,US,1551038100,27,35.15,-107.85,41.0,12.75
500,Nelson Bay,90,AU,1551036600,88,-32.72,152.14,64.4,3.36
501,Topola,0,RS,1551036600,74,44.25,20.68,28.4,3.36
502,Jalu,36,LY,1551039785,68,29.03,21.55,53.53,7.4
503,Pella,90,US,1551039300,72,41.41,-92.92,19.4,23.04
504,Korhogo,0,CI,1551039786,56,9.46,-5.63,73.6,1.25
505,Matamoros,1,US,1551038100,46,25.87,-97.51,73.4,16.11
506,Grootfontein,76,NA,1551039787,79,-19.56,18.1,69.6,5.73
507,Kaspiyskiy,0,RU,1551039787,86,45.39,47.37,21.94,8.75
508,Cumpas,0,MX,1551039787,37,30.0,-109.78,64.15,2.59
509,Evensk,48,RU,1551039788,100,61.92,159.24,-10.37,6.06
510,Joshimath,64,IN,1551039788,88,30.57,79.57,8.4,1.36
511,Sabang,0,PH,1551039788,99,13.72,123.58,68.79,4.38
512,Mansa,0,IN,1551036600,48,23.43,72.66,66.2,2.59
513,Tecoanapa,75,MX,1551037740,74,16.99,-99.26,82.4,6.93
514,Rybnoye,56,RU,1551039790,68,51.99,47.24,2.05,3.38
515,Otradnoye,90,RU,1551036600,93,59.77,30.8,35.6,11.18
516,Dossor,92,KZ,1551039790,95,47.52,52.98,29.55,4.05
517,Mach,0,PK,1551039791,56,29.87,67.33,38.86,8.19
518,Coihueco,0,CL,1551034800,23,-36.63,-71.83,77.0,20.8
519,Havoysund,75,NO,1551036000,74,71.0,24.66,37.4,12.75
520,Buraydah,40,SA,1551034800,48,26.33,43.97,60.8,5.82
521,Atasu,76,KZ,1551039792,80,48.68,71.64,14.25,4.16
522,Barra Patuca,0,HN,1551039792,82,15.8,-84.28,81.88,14.56
523,Sorland,75,NO,1551036000,86,67.67,12.69,39.2,49.44
524,Xinqing,24,CN,1551039793,69,48.28,129.53,17.4,5.95
525,Aswan,0,EG,1551034800,25,24.09,32.9,75.2,10.29
526,Baependi,24,BR,1551039793,66,-21.96,-44.89,77.92,3.04
527,Joao Pinheiro,12,BR,1551039794,43,-17.74,-46.17,89.44,6.51
528,Shache,88,CN,1551039780,78,38.42,77.24,29.86,4.94
529,Morant Bay,20,JM,1551034800,54,17.88,-76.41,84.2,20.8
530,Poum,0,MK,1551039795,82,41.28,20.71,10.6,1.59
531,Kanniyakumari,0,IN,1551039795,100,8.08,77.57,81.25,14.0
532,Shelburne,90,CA,1551038760,74,44.08,-80.2,37.4,25.28
533,Porbandar,0,IN,1551039796,88,21.64,69.61,69.1,8.75
534,Kuching,75,MY,1551036600,94,1.56,110.34,77.0,5.95
535,Santa Ana,40,SV,1551034200,48,13.99,-89.56,87.8,11.41
536,Nicoya,20,CR,1551038400,39,10.15,-85.45,95.0,23.04
537,Qostanay,0,KZ,1551036600,84,53.17,63.58,3.2,6.71
538,Mitsamiouli,20,KM,1551038400,74,-11.38,43.28,80.6,4.7
539,Nome,1,US,1551039300,22,30.04,-94.42,69.8,11.41
540,La Libertad,75,PE,1551038400,59,-16.38,-71.56,64.4,12.75
541,San Lorenzo,0,HN,1551034200,44,13.43,-87.45,95.0,9.17
542,Lasa,20,CY,1551038400,87,34.92,32.53,55.4,8.05
543,Rehoboth,36,NA,1551039801,22,-23.31,17.08,68.74,5.06
